# x1 centre, V (W^cell - W^face) per cell (24 cells, dt 0.01)
2.0833333333e-02,4.0471277120e-04
6.2500000000e-02,-5.6057712492e-05
1.0416666667e-01,-4.9773223738e-04
1.4583333333e-01,3.5551949156e-04
1.8750000000e-01,3.4736882984e-05
2.2916666667e-01,1.8099660262e-04
2.7083333333e-01,-2.6556737761e-04
3.1250000000e-01,1.3210296040e-04
3.5416666667e-01,-1.0020617264e-04
3.9583333333e-01,-1.2269664892e-05
4.3750000000e-01,4.3564511186e-05
4.7916666667e-01,-3.3896118328e-05
5.2083333333e-01,9.7521792724e-05
5.6250000000e-01,-1.9194045400e-04
6.0416666667e-01,1.6803268058e-04
6.4583333333e-01,-4.1743784859e-06
6.8750000000e-01,4.5212373828e-05
7.2916666667e-01,-2.2228317960e-04
7.7083333333e-01,1.2501722896e-04
8.1250000000e-01,3.8292588264e-05
8.5416666667e-01,4.5123209506e-05
8.9583333333e-01,-1.2552283279e-04
9.3750000000e-01,1.2257365955e-04
9.7916666667e-01,-1.8169868475e-04
