# cell,vapor_before,vapor_after,major (64 cells, smooth profile, negative cells 40 and 0)
0.0000000000e+00,-1.0000000000e-04,0.0000000000e+00,1.0000000000e+00
1.0000000000e+00,3.7171640589e-03,3.6202173133e-03,9.6721610048e-01
2.0000000000e+00,3.4543271602e-03,3.4543271602e-03,9.3550698503e-01
3.0000000000e+00,3.2100751918e-03,3.2100751918e-03,9.0483741804e-01
4.0000000000e+00,2.9830940324e-03,2.9830940324e-03,8.7517331904e-01
5.0000000000e+00,2.7721624803e-03,2.7721624803e-03,8.4648172489e-01
6.0000000000e+00,2.5761456843e-03,2.5761456843e-03,8.1873075308e-01
7.0000000000e+00,2.3939890371e-03,2.3939890371e-03,7.9188956634e-01
8.0000000000e+00,2.2247125015e-03,2.2247125015e-03,7.6592833836e-01
9.0000000000e+00,2.0674053380e-03,2.0674053380e-03,7.4081822068e-01
1.0000000000e+01,1.9212212044e-03,1.9212212044e-03,7.1653131057e-01
1.1000000000e+01,1.7853736025e-03,1.7853736025e-03,6.9304062009e-01
1.2000000000e+01,1.6591316467e-03,1.6591316467e-03,6.7032004604e-01
1.3000000000e+01,1.5418161315e-03,1.5418161315e-03,6.4834434100e-01
1.4000000000e+01,1.4327958774e-03,1.4327958774e-03,6.2708908527e-01
1.5000000000e+01,1.3314843348e-03,1.3314843348e-03,6.0653065971e-01
1.6000000000e+01,1.2373364286e-03,1.2373364286e-03,5.8664621951e-01
1.7000000000e+01,1.1498456253e-03,1.1498456253e-03,5.6741366880e-01
1.8000000000e+01,1.0685412079e-03,1.0685412079e-03,5.4881163609e-01
1.9000000000e+01,9.9298574333e-04,9.9298574333e-04,5.3081945056e-01
2.0000000000e+01,9.2277272902e-04,9.2277272902e-04,5.1341711903e-01
2.1000000000e+01,8.5752440571e-04,8.5752440571e-04,4.9658530379e-01
2.2000000000e+01,7.9688972513e-04,7.9688972513e-04,4.8030530109e-01
2.3000000000e+01,7.4054246129e-04,7.4054246129e-04,4.6455902036e-01
2.4000000000e+01,6.8817945529e-04,6.8817945529e-04,4.4932896412e-01
2.5000000000e+01,6.3951898432e-04,6.3951898432e-04,4.3459820851e-01
2.6000000000e+01,5.9429924587e-04,5.9429924587e-04,4.2035038451e-01
2.7000000000e+01,5.5227694924e-04,5.5227694924e-04,4.0656965974e-01
2.8000000000e+01,5.1322600657e-04,5.1322600657e-04,3.9324072087e-01
2.9000000000e+01,4.7693631643e-04,4.7693631643e-04,3.8034875659e-01
3.0000000000e+01,4.4321263345e-04,4.4321263345e-04,3.6787944117e-01
3.1000000000e+01,4.1187351788e-04,4.1187351788e-04,3.5581891854e-01
3.2000000000e+01,3.8275035936e-04,3.8275035936e-04,3.4415378687e-01
3.3000000000e+01,3.5568646984e-04,3.5568646984e-04,3.3287108370e-01
3.4000000000e+01,3.3053624048e-04,3.3053624048e-04,3.2195827154e-01
3.5000000000e+01,3.0716435832e-04,3.0716435832e-04,3.1140322391e-01
3.6000000000e+01,2.8544507823e-04,2.8544507823e-04,3.0119421191e-01
3.7000000000e+01,2.6526154639e-04,2.6526154639e-04,2.9131989113e-01
3.8000000000e+01,2.4650517161e-04,2.4650517161e-04,2.8176928909e-01
3.9000000000e+01,2.2907504106e-04,3.4152973082e-05,2.7253179303e-01
4.0000000000e+01,-1.5815828287e-04,3.3033305444e-05,2.6359713812e-01
4.1000000000e+01,1.9782503401e-04,1.9782503401e-04,2.5495539603e-01
4.2000000000e+01,1.8383702660e-04,1.8383702660e-04,2.4659696394e-01
4.3000000000e+01,1.7083809699e-04,1.7083809699e-04,2.3851255385e-01
4.4000000000e+01,1.5875830850e-04,1.5875830850e-04,2.3069318225e-01
4.5000000000e+01,1.4753266960e-04,1.4753266960e-04,2.2313016015e-01
4.6000000000e+01,1.3710078424e-04,1.3710078424e-04,2.1581508340e-01
4.7000000000e+01,1.2740652691e-04,1.2740652691e-04,2.0873982339e-01
4.8000000000e+01,1.1839774067e-04,1.1839774067e-04,2.0189651799e-01
4.9000000000e+01,1.1002595657e-04,1.1002595657e-04,1.9527756284e-01
5.0000000000e+01,1.0224613283e-04,1.0224613283e-04,1.8887560284e-01
5.1000000000e+01,9.5016412525e-05,9.5016412525e-05,1.8268352405e-01
5.2000000000e+01,8.8297898411e-05,8.8297898411e-05,1.7669444576e-01
5.3000000000e+01,8.2054443612e-05,8.2054443612e-05,1.7090171280e-01
5.4000000000e+01,7.6252457166e-05,7.6252457166e-05,1.6529888822e-01
5.5000000000e+01,7.0860723295e-05,7.0860723295e-05,1.5987974608e-01
5.6000000000e+01,6.5850233455e-05,6.5850233455e-05,1.5463826455e-01
5.7000000000e+01,6.1194030267e-05,6.1194030267e-05,1.4956861922e-01
5.8000000000e+01,5.6867062482e-05,5.6867062482e-05,1.4466517664e-01
5.9000000000e+01,5.2846050198e-05,5.2846050198e-05,1.3992248802e-01
6.0000000000e+01,4.9109359612e-05,4.9109359612e-05,1.3533528324e-01
6.1000000000e+01,4.5636886626e-05,4.5636886626e-05,1.3089846491e-01
6.2000000000e+01,4.2409948682e-05,4.2409948682e-05,1.2660710279e-01
6.3000000000e+01,3.9411184245e-05,3.9411184245e-05,1.2245642825e-01
