# S = c1 c2 / K; extent(c1=c2); eta(c1=c2); extent(c1=10 c2); eta(c1=10 c2); K = 1
0.0000000000e+00,1.0000000000e+00,1.0000000000e+00,1.0000000000e+00,1.0000000000e+00
1.0000000000e-02,9.0000000000e-01,9.9000000000e-01,8.3614898339e-01,9.9000000000e-01
2.0000000000e-02,8.5857864376e-01,9.8000000000e-01,7.7408154091e-01,9.8000000000e-01
3.0000000000e-02,8.2679491924e-01,9.7000000000e-01,7.2867977526e-01,9.7000000000e-01
4.0000000000e-02,8.0000000000e-01,9.6000000000e-01,6.9186095583e-01,9.6000000000e-01
5.0000000000e-02,7.7639320225e-01,9.5000000000e-01,6.6049586344e-01,9.5000000000e-01
6.0000000000e-02,7.5505102572e-01,9.4000000000e-01,6.3298080261e-01,9.4000000000e-01
7.0000000000e-02,7.3542486889e-01,9.3000000000e-01,6.0836400893e-01,9.3000000000e-01
8.0000000000e-02,7.1715728753e-01,9.2000000000e-01,5.8602608321e-01,9.2000000000e-01
9.0000000000e-02,7.0000000000e-01,9.1000000000e-01,5.6553738842e-01,9.1000000000e-01
1.0000000000e-01,6.8377223398e-01,9.0000000000e-01,5.4658560997e-01,9.0000000000e-01
1.1000000000e-01,6.6833752096e-01,8.9000000000e-01,5.2893540101e-01,8.9000000000e-01
1.2000000000e-01,6.5358983849e-01,8.8000000000e-01,5.1240428532e-01,8.8000000000e-01
1.3000000000e-01,6.3944487245e-01,8.7000000000e-01,4.9684746498e-01,8.7000000000e-01
1.4000000000e-01,6.2583426132e-01,8.6000000000e-01,4.8214781390e-01,8.6000000000e-01
1.5000000000e-01,6.1270166538e-01,8.5000000000e-01,4.6820904540e-01,8.5000000000e-01
1.6000000000e-01,6.0000000000e-01,8.4000000000e-01,4.5495090385e-01,8.4000000000e-01
1.7000000000e-01,5.8768943744e-01,8.3000000000e-01,4.4230569285e-01,8.3000000000e-01
1.8000000000e-01,5.7573593129e-01,8.2000000000e-01,4.3021571213e-01,8.2000000000e-01
1.9000000000e-01,5.6411010565e-01,8.1000000000e-01,4.1863132861e-01,8.1000000000e-01
2.0000000000e-01,5.5278640450e-01,8.0000000000e-01,4.0750949981e-01,8.0000000000e-01
2.1000000000e-01,5.4174243050e-01,7.9000000000e-01,3.9681262648e-01,7.9000000000e-01
2.2000000000e-01,5.3095842402e-01,7.8000000000e-01,3.8650764903e-01,7.8000000000e-01
2.3000000000e-01,5.2041684767e-01,7.7000000000e-01,3.7656532735e-01,7.7000000000e-01
2.4000000000e-01,5.1010205144e-01,7.6000000000e-01,3.6695966045e-01,7.6000000000e-01
2.5000000000e-01,5.0000000000e-01,7.5000000000e-01,3.5766741432e-01,7.5000000000e-01
2.6000000000e-01,4.9009804864e-01,7.4000000000e-01,3.4866773419e-01,7.4000000000e-01
2.7000000000e-01,4.8038475773e-01,7.3000000000e-01,3.3994182359e-01,7.3000000000e-01
2.8000000000e-01,4.7084973779e-01,7.2000000000e-01,3.3147267668e-01,7.2000000000e-01
2.9000000000e-01,4.6148351929e-01,7.1000000000e-01,3.2324485333e-01,7.1000000000e-01
3.0000000000e-01,4.5227744249e-01,7.0000000000e-01,3.1524428915e-01,7.0000000000e-01
3.1000000000e-01,4.4322356372e-01,6.9000000000e-01,3.0745813379e-01,6.9000000000e-01
3.2000000000e-01,4.3431457505e-01,6.8000000000e-01,2.9987461277e-01,6.8000000000e-01
3.3000000000e-01,4.2554373535e-01,6.7000000000e-01,2.9248290868e-01,6.7000000000e-01
3.4000000000e-01,4.1690481052e-01,6.6000000000e-01,2.8527305855e-01,6.6000000000e-01
3.5000000000e-01,4.0839202169e-01,6.5000000000e-01,2.7823586488e-01,6.5000000000e-01
3.6000000000e-01,4.0000000000e-01,6.4000000000e-01,2.7136281803e-01,6.4000000000e-01
3.7000000000e-01,3.9172374697e-01,6.3000000000e-01,2.6464602841e-01,6.3000000000e-01
3.8000000000e-01,3.8355859970e-01,6.2000000000e-01,2.5807816686e-01,6.2000000000e-01
3.9000000000e-01,3.7550020016e-01,6.1000000000e-01,2.5165241218e-01,6.1000000000e-01
4.0000000000e-01,3.6754446797e-01,6.0000000000e-01,2.4536240471e-01,6.0000000000e-01
4.1000000000e-01,3.5968757626e-01,5.9000000000e-01,2.3920220513e-01,5.9000000000e-01
4.2000000000e-01,3.5192593016e-01,5.8000000000e-01,2.3316625786e-01,5.8000000000e-01
4.3000000000e-01,3.4425614757e-01,5.7000000000e-01,2.2724935835e-01,5.7000000000e-01
4.4000000000e-01,3.3667504193e-01,5.6000000000e-01,2.2144662389e-01,5.6000000000e-01
4.5000000000e-01,3.2917960675e-01,5.5000000000e-01,2.1575346731e-01,5.5000000000e-01
4.6000000000e-01,3.2176700169e-01,5.4000000000e-01,2.1016557348e-01,5.4000000000e-01
4.7000000000e-01,3.1443453996e-01,5.3000000000e-01,2.0467887799e-01,5.3000000000e-01
4.8000000000e-01,3.0717967697e-01,5.2000000000e-01,1.9928954801e-01,5.2000000000e-01
4.9000000000e-01,3.0000000000e-01,5.1000000000e-01,1.9399396486e-01,5.1000000000e-01
5.0000000000e-01,2.9289321881e-01,5.0000000000e-01,1.8878870829e-01,5.0000000000e-01
5.1000000000e-01,2.8585715715e-01,4.9000000000e-01,1.8367054210e-01,4.9000000000e-01
5.2000000000e-01,2.7888974491e-01,4.8000000000e-01,1.7863640116e-01,4.8000000000e-01
5.3000000000e-01,2.7198901107e-01,4.7000000000e-01,1.7368337944e-01,4.7000000000e-01
5.4000000000e-01,2.6515307717e-01,4.6000000000e-01,1.6880871918e-01,4.6000000000e-01
5.5000000000e-01,2.5838015129e-01,4.5000000000e-01,1.6400980090e-01,4.5000000000e-01
5.6000000000e-01,2.5166852265e-01,4.4000000000e-01,1.5928413430e-01,4.4000000000e-01
5.7000000000e-01,2.4501655647e-01,4.3000000000e-01,1.5462934985e-01,4.3000000000e-01
5.8000000000e-01,2.3842268941e-01,4.2000000000e-01,1.5004319109e-01,4.2000000000e-01
5.9000000000e-01,2.3188542521e-01,4.1000000000e-01,1.4552350752e-01,4.1000000000e-01
6.0000000000e-01,2.2540333076e-01,4.0000000000e-01,1.4106824808e-01,4.0000000000e-01
6.1000000000e-01,2.1897503241e-01,3.9000000000e-01,1.3667545507e-01,3.9000000000e-01
6.2000000000e-01,2.1259921260e-01,3.8000000000e-01,1.3234325855e-01,3.8000000000e-01
6.3000000000e-01,2.0627460668e-01,3.7000000000e-01,1.2806987121e-01,3.7000000000e-01
6.4000000000e-01,2.0000000000e-01,3.6000000000e-01,1.2385358352e-01,3.6000000000e-01
6.5000000000e-01,1.9377422517e-01,3.5000000000e-01,1.1969275928e-01,3.5000000000e-01
6.6000000000e-01,1.8759615954e-01,3.4000000000e-01,1.1558583153e-01,3.4000000000e-01
6.7000000000e-01,1.8146472281e-01,3.3000000000e-01,1.1153129864e-01,3.3000000000e-01
6.8000000000e-01,1.7537887488e-01,3.2000000000e-01,1.0752772073e-01,3.2000000000e-01
6.9000000000e-01,1.6933761371e-01,3.1000000000e-01,1.0357371638e-01,3.1000000000e-01
7.0000000000e-01,1.6333997347e-01,3.0000000000e-01,9.9667959461e-02,3.0000000000e-01
7.1000000000e-01,1.5738502268e-01,2.9000000000e-01,9.5809176232e-02,2.9000000000e-01
7.2000000000e-01,1.5147186258e-01,2.8000000000e-01,9.1996142631e-02,2.8000000000e-01
7.3000000000e-01,1.4559962547e-01,2.7000000000e-01,8.8227681722e-02,2.7000000000e-01
7.4000000000e-01,1.3976747330e-01,2.6000000000e-01,8.4502661302e-02,2.6000000000e-01
7.5000000000e-01,1.3397459622e-01,2.5000000000e-01,8.0819991671e-02,2.5000000000e-01
7.6000000000e-01,1.2822021129e-01,2.4000000000e-01,7.7178623534e-02,2.4000000000e-01
7.7000000000e-01,1.2250356126e-01,2.3000000000e-01,7.3577546025e-02,2.3000000000e-01
7.8000000000e-01,1.1682391337e-01,2.2000000000e-01,7.0015784863e-02,2.2000000000e-01
7.9000000000e-01,1.1118055827e-01,2.1000000000e-01,6.6492400606e-02,2.1000000000e-01
8.0000000000e-01,1.0557280900e-01,2.0000000000e-01,6.3006487013e-02,2.0000000000e-01
8.1000000000e-01,1.0000000000e-01,1.9000000000e-01,5.9557169504e-02,1.9000000000e-01
8.2000000000e-01,9.4461486186e-02,1.8000000000e-01,5.6143603702e-02,1.8000000000e-01
8.3000000000e-01,8.8956642086e-02,1.7000000000e-01,5.2764974061e-02,1.7000000000e-01
8.4000000000e-01,8.3484861009e-02,1.6000000000e-01,4.9420492575e-02,1.6000000000e-01
8.5000000000e-01,7.8045554271e-02,1.5000000000e-01,4.6109397550e-02,1.5000000000e-01
8.6000000000e-01,7.2638150450e-02,1.4000000000e-01,4.2830952453e-02,1.4000000000e-01
8.7000000000e-01,6.7262094691e-02,1.3000000000e-01,3.9584444817e-02,1.3000000000e-01
8.8000000000e-01,6.1916848035e-02,1.2000000000e-01,3.6369185204e-02,1.2000000000e-01
8.9000000000e-01,5.6601886794e-02,1.1000000000e-01,3.3184506232e-02,1.1000000000e-01
9.0000000000e-01,5.1316701949e-02,1.0000000000e-01,3.0029761641e-02,1.0000000000e-01
9.1000000000e-01,4.6060798583e-02,9.0000000000e-02,2.6904325417e-02,9.0000000000e-02
9.2000000000e-01,4.0833695337e-02,8.0000000000e-02,2.3807590957e-02,8.0000000000e-02
9.3000000000e-01,3.5634923901e-02,7.0000000000e-02,2.0738970276e-02,7.0000000000e-02
9.4000000000e-01,3.0464028517e-02,6.0000000000e-02,1.7697893258e-02,6.0000000000e-02
9.5000000000e-01,2.5320565519e-02,5.0000000000e-02,1.4683806940e-02,5.0000000000e-02
9.6000000000e-01,2.0204102887e-02,4.0000000000e-02,1.1696174831e-02,4.0000000000e-02
9.7000000000e-01,1.5114219820e-02,3.0000000000e-02,8.7344762708e-03,3.0000000000e-02
9.8000000000e-01,1.0050506339e-02,2.0000000000e-02,5.7982058123e-03,2.0000000000e-02
9.9000000000e-01,5.0125628934e-03,1.0000000000e-02,2.8868726373e-03,1.0000000000e-02
1.0000000000e+00,0.0000000000e+00,0.0000000000e+00,0.0000000000e+00,0.0000000000e+00
