# radius [m], w_s(1e4 Pa), Stokes(1e4 Pa), w_s(1e6 Pa), Stokes(1e6 Pa) [m s^-1]; T = 150 K, rho = 0.1, rho_p = 1000 kg m^-3, g_1 = -24.79, H2 defaults
1.0000000000e-07,-9.6036304934e-05,-9.9944032137e-06,-1.0677188568e-05,-9.9944032137e-06
1.2589254118e-07,-1.2301953400e-04,-1.5840061616e-05,-1.6699637449e-05,-1.5840061616e-05
1.5848931925e-07,-1.5833134343e-04,-2.5104805824e-05,-2.6186947683e-05,-2.5104805824e-05
1.9952623150e-07,-2.0500294010e-04,-3.9788435848e-05,-4.1150771734e-05,-3.9788435848e-05
2.5118864315e-07,-2.6743363106e-04,-6.3060421114e-05,-6.4775500380e-05,-6.3060421114e-05
3.1622776602e-07,-3.5213526792e-04,-9.9944032137e-05,-1.0210318901e-04,-9.9944032137e-05
3.9810717055e-07,-4.6892137560e-04,-1.5840061616e-04,-1.6111883361e-04,-1.5840061616e-04
5.0118723363e-07,-6.3280308573e-04,-2.5104805824e-04,-2.5447009126e-04,-2.5104805824e-04
6.3095734448e-07,-8.6699195479e-04,-3.9788435848e-04,-4.0219244282e-04,-3.9788435848e-04
7.9432823472e-07,-1.2076097818e-03,-6.3060421114e-04,-6.3602776799e-04,-6.3060421114e-04
1.0000000000e-06,-1.7110037532e-03,-9.9944032137e-04,-1.0062681749e-03,-9.9944032137e-04
1.2589254118e-06,-2.4650429704e-03,-1.5840061616e-03,-1.5926019199e-03,-1.5840061616e-03
1.5848931925e-06,-3.6065975224e-03,-2.5104805824e-03,-2.5213020009e-03,-2.5104805824e-03
1.9952623150e-06,-5.3488518505e-03,-3.9788435848e-03,-3.9924669436e-03,-3.9788435848e-03
2.5118864315e-06,-8.0245190607e-03,-6.3060421114e-03,-6.3231929040e-03,-6.3060421114e-03
3.1622776602e-06,-1.2154708104e-02,-9.9944032137e-03,-1.0015994782e-02,-9.9944032137e-03
3.9810717055e-06,-1.8558555006e-02,-1.5840061616e-02,-1.5867243791e-02,-1.5840061616e-02
5.0118723363e-06,-2.8526882049e-02,-2.5104805824e-02,-2.5139026154e-02,-2.5104805824e-02
6.3095734448e-06,-4.4096524128e-02,-3.9788435848e-02,-3.9831516691e-02,-3.9788435848e-02
7.9432823472e-06,-6.8483978145e-02,-6.3060421114e-02,-6.3114656682e-02,-6.3060421114e-02
1.0000000000e-05,-1.0677188568e-01,-9.9944032137e-02,-1.0001231067e-01,-9.9944032137e-02
1.2589254118e-05,-1.6699637449e-01,-1.5840061616e-01,-1.5848657374e-01,-1.5840061616e-01
1.5848931925e-05,-2.6186947683e-01,-2.5104805824e-01,-2.5115627242e-01,-2.5104805824e-01
1.9952623150e-05,-4.1150771734e-01,-3.9788435848e-01,-3.9802059207e-01,-3.9788435848e-01
2.5118864315e-05,-6.4775500380e-01,-6.3060421114e-01,-6.3077571906e-01,-6.3060421114e-01
3.1622776602e-05,-1.0210318901e+00,-9.9944032137e-01,-9.9965623706e-01,-9.9944032137e-01
3.9810717055e-05,-1.6111883361e+00,-1.5840061616e+00,-1.5842779834e+00,-1.5840061616e+00
5.0118723363e-05,-2.5447009126e+00,-2.5104805824e+00,-2.5108227857e+00,-2.5104805824e+00
6.3095734448e-05,-4.0219244282e+00,-3.9788435848e+00,-3.9792743932e+00,-3.9788435848e+00
7.9432823472e-05,-6.3602776799e+00,-6.3060421114e+00,-6.3065844671e+00,-6.3060421114e+00
1.0000000000e-04,-1.0062681749e+01,-9.9944032137e+00,-9.9950859991e+00,-9.9944032137e+00
1.2589254118e-04,-1.5926019199e+01,-1.5840061616e+01,-1.5840921192e+01,-1.5840061616e+01
1.5848931925e-04,-2.5213020009e+01,-2.5104805824e+01,-2.5105887965e+01,-2.5104805824e+01
1.9952623150e-04,-3.9924669436e+01,-3.9788435848e+01,-3.9789798184e+01,-3.9788435848e+01
2.5118864315e-04,-6.3231929040e+01,-6.3060421114e+01,-6.3062136193e+01,-6.3060421114e+01
3.1622776602e-04,-1.0015994782e+02,-9.9944032137e+01,-9.9946191294e+01,-9.9944032137e+01
3.9810717055e-04,-1.5867243791e+02,-1.5840061616e+02,-1.5840333438e+02,-1.5840061616e+02
5.0118723363e-04,-2.5139026154e+02,-2.5104805824e+02,-2.5105148027e+02,-2.5104805824e+02
6.3095734448e-04,-3.9831516691e+02,-3.9788435848e+02,-3.9788866656e+02,-3.9788435848e+02
7.9432823472e-04,-6.3114656682e+02,-6.3060421114e+02,-6.3060963470e+02,-6.3060421114e+02
1.0000000000e-03,-1.0001231067e+03,-9.9944032137e+02,-9.9944714922e+02,-9.9944032137e+02
