# x1f_lower,x1f_upper,top_scale,bot_scale (20 cells of 0.5 on [0,10], width 2)
0.0000000000e+00,5.0000000000e-01,0.0000000000e+00,1.0000000000e+00
5.0000000000e-01,1.0000000000e+00,0.0000000000e+00,8.5355339059e-01
1.0000000000e+00,1.5000000000e+00,0.0000000000e+00,5.0000000000e-01
1.5000000000e+00,2.0000000000e+00,0.0000000000e+00,1.4644660941e-01
2.0000000000e+00,2.5000000000e+00,0.0000000000e+00,0.0000000000e+00
2.5000000000e+00,3.0000000000e+00,0.0000000000e+00,0.0000000000e+00
3.0000000000e+00,3.5000000000e+00,0.0000000000e+00,0.0000000000e+00
3.5000000000e+00,4.0000000000e+00,0.0000000000e+00,0.0000000000e+00
4.0000000000e+00,4.5000000000e+00,0.0000000000e+00,0.0000000000e+00
4.5000000000e+00,5.0000000000e+00,0.0000000000e+00,0.0000000000e+00
5.0000000000e+00,5.5000000000e+00,0.0000000000e+00,0.0000000000e+00
5.5000000000e+00,6.0000000000e+00,0.0000000000e+00,0.0000000000e+00
6.0000000000e+00,6.5000000000e+00,0.0000000000e+00,0.0000000000e+00
6.5000000000e+00,7.0000000000e+00,0.0000000000e+00,0.0000000000e+00
7.0000000000e+00,7.5000000000e+00,0.0000000000e+00,0.0000000000e+00
7.5000000000e+00,8.0000000000e+00,0.0000000000e+00,0.0000000000e+00
8.0000000000e+00,8.5000000000e+00,0.0000000000e+00,0.0000000000e+00
8.5000000000e+00,9.0000000000e+00,1.4644660941e-01,0.0000000000e+00
9.0000000000e+00,9.5000000000e+00,5.0000000000e-01,0.0000000000e+00
9.5000000000e+00,1.0000000000e+01,8.5355339059e-01,0.0000000000e+00
