# x1,tendency_mean_of_products,tendency_product_of_means (c = s q = 1, rho = (1.25-x1)^1.5, T = 300 + 50 x1, n1 = 32)
1.5625000000e-02,-0.0000000000e+00,5.9185378586e-01
4.6875000000e-02,-0.0000000000e+00,3.1567812366e-02
7.8125000000e-02,-0.0000000000e+00,3.4162686873e-02
1.0937500000e-01,-0.0000000000e+00,3.7049979736e-02
1.4062500000e-01,-0.0000000000e+00,4.0272077346e-02
1.7187500000e-01,-0.0000000000e+00,4.3878959193e-02
2.0312500000e-01,-0.0000000000e+00,4.7929833696e-02
2.3437500000e-01,-0.0000000000e+00,5.2495189592e-02
2.6562500000e-01,-0.0000000000e+00,5.7659385555e-02
2.9687500000e-01,-0.0000000000e+00,6.3523942303e-02
3.2812500000e-01,-0.0000000000e+00,7.0211759132e-02
3.5937500000e-01,-0.0000000000e+00,7.7872557500e-02
3.9062500000e-01,-0.0000000000e+00,8.6689968610e-02
4.2187500000e-01,-0.0000000000e+00,9.6890845464e-02
4.5312500000e-01,-0.0000000000e+00,1.0875761696e-01
4.8437500000e-01,-0.0000000000e+00,1.2264484966e-01
5.1562500000e-01,-0.0000000000e+00,1.3900170129e-01
5.4687500000e-01,-0.0000000000e+00,1.5840273381e-01
5.7812500000e-01,-0.0000000000e+00,1.8159075856e-01
6.0937500000e-01,-0.0000000000e+00,2.0953727098e-01
6.4062500000e-01,-0.0000000000e+00,2.4352903882e-01
6.7187500000e-01,-0.0000000000e+00,2.8529430657e-01
7.0312500000e-01,-0.0000000000e+00,3.3719024666e-01
7.3437500000e-01,-0.0000000000e+00,4.0248725982e-01
7.6562500000e-01,-0.0000000000e+00,4.8581031435e-01
7.9687500000e-01,-0.0000000000e+00,5.9384216692e-01
8.2812500000e-01,-0.0000000000e+00,7.3647732956e-01
8.5937500000e-01,-0.0000000000e+00,9.2878021054e-01
8.9062500000e-01,-0.0000000000e+00,1.1944382514e+00
9.2187500000e-01,-0.0000000000e+00,1.5721300999e+00
9.5312500000e-01,-0.0000000000e+00,2.1279051200e+00
9.8437500000e-01,-0.0000000000e+00,-1.1159878059e+01
