check	claim	result
borrow_check	C1	PASS
borrow_check	C2	PASS
borrow_check	C3	PASS
borrow_check	C4	PASS
fixvapor_check	C1	PASS
fixvapor_check	C2	PASS
fixvapor_check	C3	PASS
fixvapor_check	C4	PASS
fixvapor_check	C5	PASS
fixvapor_check	C6	PASS
fixvapor_check	C7	PASS
kinetics_check	C1	PASS
kinetics_check	C2	PASS
kinetics_check	C3	PASS
kinetics_check	C4	PASS
redo_check	C1	PASS
redo_check	C2	PASS
redo_check	C3	PASS
sed_check	C1	PASS
sed_check	C2	PASS
sed_check	C3	PASS
sed_check	C4	PASS
sed_check	C5	PASS
tracer_check	C1	PASS
tracer_check	C2	PASS
tracer_check	C3	PASS
# 26 of 26 claims PASS (26 expected)
